{"cameraMode":{"drawMode":0,"name":"Shaded","section":"Shading Mode"},"sceneLighting":false,"audioPlay":false,"sceneViewState":{"showFog":false,"showMaterialUpdate":false,"showSkybox":false,"showFlares":false,"showImageEffects":false,"showParticleSystems":false},"in2DMode":false,"pivot":{"x":-13.7686128616333,"y":0.8004902005195618,"z":1.481231927871704},"rotation":{"x":-0.005324144847691059,"y":-0.9851646423339844,"z":0.16868668794631959,"w":-0.031099354848265649},"size":4.680606365203857,"orthographic":false}