{"cameraMode":{"drawMode":0,"name":"Shaded","section":"Shading Mode"},"sceneLighting":false,"audioPlay":false,"sceneViewState":{"showFog":false,"showMaterialUpdate":false,"showSkybox":false,"showFlares":false,"showImageEffects":false,"showParticleSystems":false},"in2DMode":false,"pivot":{"x":2.7263622283935549,"y":0.8656151294708252,"z":1.105720043182373},"rotation":{"x":0.10429021716117859,"y":-0.8514931201934815,"z":0.18525664508342744,"w":0.479336142539978},"size":11.314103126525879,"orthographic":false}