{"cameraMode":{"drawMode":0,"name":"Shaded","section":"Shading Mode"},"sceneLighting":true,"audioPlay":false,"sceneViewState":{"showFog":false,"showMaterialUpdate":false,"showSkybox":false,"showFlares":false,"showImageEffects":false,"showParticleSystems":false},"in2DMode":false,"pivot":{"x":-2.2303414344787599,"y":0.6439387202262878,"z":14.745767593383789},"rotation":{"x":-0.021700596436858178,"y":0.28341144323349,"z":-0.006410953588783741,"w":-0.9587314128875732},"size":6.72184419631958,"orthographic":false}