{"cameraMode":{"drawMode":0,"name":"Shaded","section":"Shading Mode"},"sceneLighting":false,"audioPlay":false,"sceneViewState":{"showFog":false,"showMaterialUpdate":false,"showSkybox":false,"showFlares":false,"showImageEffects":false,"showParticleSystems":false},"in2DMode":false,"pivot":{"x":-17.504255294799806,"y":2.743000030517578,"z":0.9120000004768372},"rotation":{"x":-0.004576725419610739,"y":-0.9936657547950745,"z":-0.04404967650771141,"w":0.10328155755996704},"size":2.871586561203003,"orthographic":false}